index,target,response
1,"[(7, 9)]","[(4, 5), (7, 8), (9, 5)]"
2,"[(9, 8)]","[(9, 8), (8, 7)]"
3,"[(12, 12)]","[(12, 13), (13, 14), (14, 15)]"
4,"[(12, 9), (12, 10), (12, 11)]","[(12, 11), (12, 10)]"
5,"[(7, 6)]","[(7, 6), (7, 5), (7, 4), (7, 3), (7, 2), (7, 1)]"
6,"[(6, 6), (9, 12)]","[(6, 5), (9, 8), (10, 11)]"
8,"[(1, 2), (1, 3), (8, 5), (8, 7)]","[(1, 2), (4, 5), (6, 7), (7, 8)]"
10,"[(5, 4)]","[(5, 10), (9, 10)]"
11,"[(5, 2), (5, 4)]","[(1, 5), (3, 7), (4, 8), (6, 9)]"
12,"[(7, 7), (7, 8)]","[(7, 8), (7, 9), (7, 10)]"
13,"[(6, 5)]","[(6, 7)]"
14,"[(2, 1), (6, 6)]","[(2, 6), (5, 7)]"
16,"[(5, 3)]","[(5, 10), (6, 10)]"
17,"[(7, 6)]","[(7, 8), (9, 10), (11, 10)]"
18,"[(2, 2)]","[(1, 2), (2, 3)]"
19,"[(6, 7)]","[(7, 6), (10, 9), (11, 9)]"
20,"[(7, 6)]","[(1, 7), (4, 6)]"
21,"[(8, 7)]","[(8, 9), (9, 10), (10, 11)]"
22,"[(3, 1)]","[(3, 5), (3, 6)]"
23,"[(4, 2)]","[(1, 4), (3, 4)]"
24,"[(8, 8)]","[(1, 8), (3, 8), (4, 8), (5, 8), (6, 8), (7, 8)]"
25,"[(9, 7), (9, 8)]","[(9, 10)]"
26,"[(5, 3)]","[(5, 6), (5, 7), (5, 8), (5, 10), (14, 13)]"
27,"[(14, 12), (14, 13)]","[(14, 15), (15, 16), (16, 17)]"
28,"[(7, 7)]","[(7, 8), (10, 11)]"
29,"[(18, 16)]","[(18, 16), (18, 17)]"
30,"[(8, 7)]","[(8, 7), (8, 6), (8, 5)]"
31,"[(1, 2)]","[(1, 9), (2, 10), (3, 11), (4, 12), (7, 13), (8, 14)]"
32,"[(4, 6)]","[(4, 5), (4, 6)]"
33,"[(5, 5)]","[(5, 6), (6, 7)]"
34,"[(2, 1)]","[(2, 6), (3, 4), (5, 7)]"
35,"[(8, 8)]","[(8, 9), (8, 10), (8, 11), (11, 12)]"
36,"[(6, 5)]","[(6, 7), (7, 8), (8, 9)]"
37,"[(6, 3)]","[(6, 7), (7, 5)]"
38,"[(3, 5)]","[(1, 3), (3, 4), (4, 5)]"
39,"[(4, 3), (5, 3)]","[(4, 5), (3, 4)]"
41,"[(13, 12)]","[(13, 10), (13, 11), (13, 12)]"
42,"[(5, 4), (13, 12)]","[(5, 6), (13, 12)]"
44,"[(5, 4), (6, 6)]","[(5, 6), (6, 7)]"
46,"[(12, 11)]","[(12, 11), (11, 10), (10, 9)]"
47,"[(4, 3)]","[(4, 5), (4, 6), (4, 7)]"
48,"[(6, 4), (6, 5)]","[(1, 6), (4, 7), (5, 8)]"
49,"[(5, 5)]","[(5, 6), (5, 7)]"
50,"[(5, 4)]","[(1, 5), (5, 4)]"
51,"[(6, 5)]","[(6, 7), (7, 8)]"
52,"[(3, 3)]","[(3, 4), (4, 5), (5, 6)]"
53,"[(8, 8)]","[(8, 9), (9, 10), (10, 11), (11, 12)]"
54,"[(8, 7), (5, 5)]","[(5, 6), (6, 7), (7, 8)]"
56,"[(2, 1)]","[(1, 2), (3, 4), (4, 5)]"
57,"[(12, 10)]","[(1, 12), (4, 11), (6, 11)]"
58,"[(11, 9), (11, 10)]","[(11, 10), (11, 9), (11, 7), (11, 6)]"
59,"[(2, 1), (2, 2)]","[(1, 5), (2, 6), (3, 7), (4, 8)]"
60,"[(3, 2)]","[(1, 3), (3, 5), (5, 7), (7, 10), (10, 12), (12, 13)]"
61,"[(6, 4), (6, 5)]","[(6, 5), (7, 5), (8, 5), (9, 5), (10, 5), (11, 5)]"
62,"[(4, 3)]","[(1, 4), (3, 4)]"
63,"[(4, 4)]","[(1, 3), (2, 4)]"
64,"[(6, 5)]","[(6, 7), (7, 8)]"
65,"[(3, 2)]","[(3, 4), (4, 5), (5, 6)]"
66,"[(7, 6)]","[(7, 8), (12, 13), (17, 18)]"
67,"[(8, 7)]","[(8, 7), (8, 6), (8, 5), (8, 4), (8, 3), (8, 2)]"
68,"[(2, 1)]","[(2, 6), (5, 8)]"
69,"[(4, 4), (6, 6)]","[(4, 5), (6, 7), (9, 10)]"
71,"[(2, 6)]","[(2, 3), (2, 4), (2, 5), (2, 6), (2, 7), (2, 8), (2, 9), (2, 10), (2, 11), (2, 12), (2, 13), (2, 14), (2, 15)]"
72,"[(7, 5), (7, 6)]","[(7, 8), (7, 9), (7, 11), (7, 12), (7, 13)]"
73,"[(2, 4)]","[(2, 5), (5, 6), (6, 7), (7, 8), (8, 9)]"
74,"[(3, 2)]","[(3, 4), (3, 5)]"
75,"[(3, 4)]","[(3, 4)]"
76,"[(6, 5)]","[(1, 5), (3, 6)]"
77,"[(3, 3)]","[(3, 7), (3, 8), (10, 8)]"
78,"[(5, 4), (10, 8)]","[(5, 10), (9, 10)]"
80,"[(4, 4)]","[(4, 8), (6, 7)]"
81,"[(2, 1)]","[(1, 3), (2, 4), (4, 5)]"
82,"[(8, 7)]","[(7, 8), (8, 7)]"
83,"[(8, 8)]","[(1, 8), (5, 8), (6, 8), (7, 8)]"
84,"[(3, 2)]","[(3, 4), (3, 5)]"
85,"[(2, 1), (6, 5)]","[(1, 6), (2, 3), (5, 7)]"
87,"[(2, 2)]","[(1, 3), (2, 4), (4, 5)]"
88,"[(2, 1)]","[(2, 7), (6, 7)]"
89,"[(10, 9)]","[(1, 10), (6, 10), (7, 10), (8, 10), (9, 10)]"
90,"[(3, 3)]","[(3, 4)]"
91,"[(4, 3)]","[(1, 3), (3, 4), (5, 6), (7, 8)]"
92,"[(5, 5)]","[(5, 6), (10, 11)]"
93,"[(11, 10)]","[(11, 13), (12, 14)]"
94,"[(5, 4)]","[(5, 6), (6, 7), (7, 8)]"
95,"[(3, 2)]","[(3, 4), (3, 6), (3, 9)]"
96,"[(5, 2), (5, 4)]","[(1, 5), (3, 5)]"
97,"[(4, 2), (4, 3)]","[(4, 3), (4, 2)]"
98,"[(4, 3)]","[(1, 4), (2, 4), (3, 4)]"
99,"[(6, 7)]","[(6, 7)]"
100,"[(5, 2), (5, 3)]","[(1, 5), (3, 4)]"
101,"[(5, 3), (5, 4)]","[(5, 6), (6, 7)]"
102,"[(4, 1), (4, 2)]","[(4, 5), (6, 7)]"
103,"[(7, 2)]","[(7, 10), (9, 11), (11, 12)]"
104,"[(3, 2)]","[(3, 4), (3, 5)]"
105,"[(2, 1)]","[(1, 2), (3, 4), (4, 5)]"
106,"[(3, 1), (3, 2)]","[(1, 3), (3, 2)]"
107,"[(3, 1)]","[(1, 3), (2, 3)]"
108,"[(2, 2)]","[(1, 2), (2, 3)]"
109,"[(6, 6)]","[(6, 4), (6, 5)]"
110,"[(8, 7)]","[(8, 9)]"
111,"[(3, 2)]","[(1, 3), (3, 2)]"
112,"[(6, 5)]","[(6, 7), (9, 8)]"
113,"[(10, 9)]","[(10, 9), (9, 8), (8, 6)]"
114,"[(6, 6)]","[(1, 6), (3, 6), (4, 6), (5, 6)]"
115,"[(4, 3)]","[(1, 3), (4, 5), (6, 7), (7, 8), (8, 9)]"
116,"[(3, 3)]","[(1, 3), (3, 5), (5, 7), (7, 8), (8, 9), (9, 10)]"
117,"[(3, 2)]","[(1, 4), (3, 5), (6, 7)]"
118,"[(6, 5)]","[(6, 5), (5, 4)]"
119,"[(5, 4)]","[(1, 5), (3, 6)]"
120,"[(7, 6)]","[(7, 6), (7, 10)]"
121,"[(4, 3)]","[(1, 5), (4, 8), (10, 12)]"
122,"[(15, 14)]","[(2, 5), (7, 10), (11, 15), (15, 16)]"
123,"[(16, 15)]","[(16, 15), (15, 14)]"
124,"[(14, 14)]","[(14, 15), (15, 16)]"
125,"[(14, 13)]","[(14, 15), (14, 16)]"
126,"[(10, 9)]","[(10, 9), (10, 8), (10, 7)]"
127,"[(4, 2)]","[(4, 5), (6, 7, 8, 9, 10, 11, 12, 13, 14)]"
128,"[(6, 7)]","[(6, 7), (9, 10)]"
129,"[(4, 3)]","[(4, 5), (7, 8)]"
130,"[(16, 15)]","[(16, 15), (15, 14)]"
131,"[(7, 7)]","[(7, 12), (10, 11)]"
132,"[(6, 6)]","[(6, 7), (7, 9)]"
133,"[(2, 1)]","[(1, 2), (3, 4), (5, 6)]"
134,"[(21, 22)]","[(11, 21), (15, 20)]"
135,"[(15, 15)]","[(1, 16), (15, 16)]"
136,"[(3, 3)]","[(3, 4), (6, 7)]"
137,"[(12, 11), (13, 13)]","[(12, 13)]"
139,"[(18, 17)]","[(18, 11), (18, 13)]"
140,"[(4, 4)]","[(4, 5), (4, 6)]"
141,"[(7, 6)]","[(7, 8), (8, 9)]"
142,"[(21, 20)]","[(21, 20), (20, 19), (19, 18), (18, 17), (17, 16), (16, 15), (15, 14), (14, 13), (13, 12), (12, 11), (11, 10), (10, 9), (9, 8), (8, 7), (7, 6), (6, 5), (5, 4), (4, 3), (3, 2), (2, 1)]"
143,"[(6, 14), (3, 3)]","[(3, 6), (10, 13), (10, 14), (10, 15)]"
145,"[(3, 2)]","[(1, 4), (3, 6), (7, 10), (13, 15)]"
146,"[(2, 2)]","[(1, 2), (3, 4), (4, 5)]"
147,"[(12, 12)]","[(12, 11), (12, 10), (16, 15)]"
148,"[(7, 6)]","[(7, 8), (8, 9), (9, 10)]"
149,"[(12, 13)]","[(12, 13), (13, 14), (14, 15)]"
150,"[(16, 15)]","[(16, 15), (12, 11), (8, 7)]"
157,"[(15, 14)]","[(15, 13), (15, 14)]"
163,"[(8, 7)]","[(10, 8), (6, 5)]"
170,"[(13, 12)]","[(13, 14), (7, 8)]"
174,"[(2, 2)]","[(2, 3), (5, 6), (7, 8), (9, 10)]"
179,"[(7, 6)]","[(7, 8), (8, 9)]"
186,"[(3, 2)]","[(3, 8), (10, 13), (15, 18)]"
190,"[(18, 19)]","[(16, 18), (19, 20)]"
198,"[(15, 15)]","[(1, 15), (5, 14), (9, 13), (10, 12)]"
202,"[(13, 13)]","[(13, 14), (11, 12)]"
209,"[(17, 18)]","[(17, 16), (17, 14)]"
215,"[(12, 10)]","[(12, 10), (13, 11)]"
220,"[(5, 4)]","[(5, 1), (5, 6), (5, 7), (5, 8), (5, 9), (5, 10), (5, 11), (5, 12)]"
223,"[(9, 3)]","[(9, 10), (10, 11), (11, 12), (12, 13)]"
227,"[(21, 23)]","[(21, 22), (22, 23)]"
233,"[(6, 9)]","[(6, 7), (7, 8), (8, 9)]"
243,"[(7, 6), (13, 12)]","[(7, 6), (13, 12)]"
250,"[(10, 9)]","[(10, 9), (6, 5), (3, 2)]"
256,"[(16, 15)]","[(1, 16), (4, 17), (6, 18), (11, 19)]"
260,"[(11, 9)]","[(1, 8), (9, 10), (11, 11)]"
268,"[(14, 14), (2, 1)]","[(2, 15), (8, 14)]"
276,"[(8, 9)]","[(8, 9), (10, 11), (12, 13)]"
282,"[(6, 5)]","[(6, 5), (7, 5), (8, 10), (9, 11), (10, 11), (11, 12), (12, 13), (13, 14), (14, 15)]"
283,"[(8, 8)]","[(1, 8), (8, 9), (9, 10)]"
288,"[(8, 7)]","[(8, 9), (7, 8)]"
294,"[(8, 6)]","[(8, 9), (10, 11), (12, 13), (14, 15), (15, 16)]"
298,"[(4, 3)]","[(4, 5), (5, 6), (6, 7), (7, 8), (8, 9), (9, 10), (10, 11)]"
300,"[(4, 3)]","[(1, 5), (5, 7), (7, 10), (10, 12), (12, 13)]"
304,"[(12, 11)]","[(12, 13), (12, 14)]"
311,"[(2, 1)]","[(2, 8), (2, 10), (11, 12)]"
317,"[(4, 4)]","[(4, 5), (5, 6)]"
322,"[(12, 10)]","[(1, 10), (6, 8), (7, 9), (11, 12)]"
327,"[(4, 2)]","[(4, 5), (6, 7), (10, 11), (12, 13)]"
330,"[(6, 5)]","[(6, 7), (6, 8), (6, 9), (6, 10)]"
336,"[(10, 11)]","[(10, 11), (11, 8)]"
342,"[(7, 8)]","[(7, 8), (7, 9), (7, 10), (7, 11), (7, 12)]"
345,"[(3, 2)]","[(1, 2), (3, 4)]"
352,"[(11, 11)]","[(12, 11), (14, 13)]"
359,"[(8, 7)]","[(8, 9), (6, 7)]"
365,"[(9, 8)]","[(1, 8), (6, 9)]"
372,"[(9, 8)]","[(10, 9), (11, 9), (12, 13), (13, 14), (14, 15)]"
376,"[(8, 7), (9, 8), (12, 11)]","[(8, 7), (9, 8), (10, 9), (12, 11), (13, 12), (14, 13)]"
381,"[(6, 6)]","[(6, 7), (9, 11), (10, 12)]"
386,"[(10, 9)]","[(10, 11), (11, 12), (12, 13), (13, 14)]"
393,"[(4, 3)]","[(1, 4), (3, 5), (6, 7), (7, 8)]"
398,"[(2, 1)]","[(2, 3), (5, 6), (6, 7)]"
403,"[(6, 6)]","[(6, 7)]"
411,"[(16, 15)]","[(1, 9), (9, 10), (10, 11), (11, 12), (12, 13), (13, 14), (14, 15), (15, 16)]"
412,"[(7, 7)]","[(7, 5), (7, 6), (9, 5)]"
414,"[(4, 3)]","[(1, 4), (2, 4), (3, 4)]"
420,"[(5, 4)]","[(5, 4), (5, 6)]"
427,"[(13, 12)]","[(13, 10), (13, 11), (13, 12)]"
434,"[(2, 1)]","[(2, 6), (3, 7), (5, 8), (10, 11)]"
436,"[(7, 6)]","[(1, 7), (3, 8), (4, 9)]"
441,"[(12, 11)]","[(12, 10), (12, 11)]"
446,"[(11, 10)]","[(10, 11), (7, 8)]"
450,"[(3, 4), (10, 9)]","[(3, 10), (9, 10)]"
458,"[(6, 8)]","[(6, 7), (7, 8), (8, 9), (9, 10), (10, 11), (11, 12), (12, 13), (13, 14), (14, 15), (15, 16)]"
461,"[(4, 3)]","[(4, 8), (10, 11)]"
468,"[(13, 12)]","[(13, 14), (14, 15), (15, 16)]"
472,"[(11, 11)]","[(11, 9), (11, 10)]"
479,"[(8, 7)]","[(1, 8), (4, 8), (5, 8), (6, 8), (7, 8)]"
484,"[(5, 4)]","[(5, 6), (9, 10)]"
490,"[(5, 5)]","[(5, 6), (7, 8), (9, 10), (10, 11)]"
495,"[(11, 11)]","[(11, 10), (11, 12)]"
503,"[(18, 17)]","[(18, 19), (19, 20), (20, 21)]"
507,"[(5, 4), (10, 9)]","[(10, 9), (5, 4)]"
514,"[(8, 7)]","[(8, 7), (9, 8)]"
521,"[(7, 7)]","[(7, 8), (7, 9), (7, 10), (7, 11), (7, 12), (7, 13)]"
526,"[(8, 8)]","[(8, 9), (12, 13)]"
535,"[(10, 9)]","[(10, 11), (11, 12), (12, 13), (13, 14), (14, 15)]"
538,"[(11, 12)]","[(11, 12), (12, 13)]"
546,"[(5, 5)]","[(5, 4), (7, 8), (11, 12), (13, 14)]"
553,"[(3, 2), (6, 6)]","[(3, 4), (6, 7), (6, 8)]"
558,"[(7, 4), (7, 5)]","[(7, 8), (8, 9), (9, 10), (10, 11), (11, 12)]"
562,"[(3, 3)]","[(1, 3), (3, 4), (5, 6), (6, 7), (7, 8), (8, 9)]"
566,"[(15, 14)]","[(15, 16), (13, 14)]"
574,"[(8, 7)]","[(8, 9), (8, 10), (8, 11), (8, 12)]"
578,"[(14, 13)]","[(14, 15), (15, 16)]"
585,"[(5, 4), (7, 7)]","[(5, 6), (7, 8), (10, 11)]"
593,"[(7, 8)]","[(7, 8), (9, 8)]"
600,"[(1, 1)]","[(1, 2), (2, 3), (3, 4)]"
605,"[(12, 13)]","[(1, 5), (5, 6), (6, 7), (7, 8), (8, 12), (12, 13)]"
608,"[(8, 7)]","[(8, 7), (8, 10), (8, 11), (8, 12), (8, 13), (8, 14), (8, 15)]"
612,"[(3, 3)]","[(3, 4), (6, 8), (8, 10)]"
618,"[(5, 6)]","[(5, 10), (6, 10)]"
625,"[(10, 9)]","[(10, 11), (9, 10)]"
631,"[(9, 8)]","[(9, 10), (11, 12)]"
636,"[(8, 7)]","[(8, 7), (9, 10)]"
642,"[(8, 7)]","[(8, 9), (9, 10)]"
648,"[(12, 11)]","[(12, 11), (11, 10), (10, 9), (9, 8), (8, 7), (7, 6), (6, 5), (5, 4), (4, 3), (3, 2), (2, 1)]"
649,"[(11, 10)]","[(11, 10), (12, 11), (13, 12), (14, 13), (15, 14), (16, 15), (17, 16), (18, 17)]"
650,"[(2, 2)]","[(2, 3), (5, 6), (7, 8), (11, 12), (13, 14)]"
651,"[(4, 3)]","[(5, 4), (6, 8)]"
653,"[(7, 6)]","[(7, 6), (14, 13)]"
660,"[(3, 3), (11, 10)]","[(11, 10), (10, 9), (9, 8), (8, 7), (7, 6), (6, 5), (5, 4), (4, 3), (3, 2), (2, 1)]"
662,"[(2, 3)]","[(2, 3), (5, 6), (11, 12)]"
667,"[(2, 1)]","[(1, 2), (3, 4), (5, 6), (7, 8)]"
675,"[(11, 10)]","[(11, 10), (10, 9)]"
683,"[(7, 6)]","[(7, 6), (7, 8)]"
694,"[(10, 9)]","[(10, 9), (10, 12), (16, 14)]"
702,"[(14, 14)]","[(14, 1), (14, 3), (14, 5), (16, 17)]"
706,"[(3, 2)]","[(3, 9), (9, 10), (14, 15), (18, 19), (20, 21)]"
709,"[(8, 7), (14, 13)]","[(8, 9), (14, 13), (15, 16), (18, 17)]"
712,"[(5, 4)]","[(5, 6), (5, 10), (25, 26)]"
713,"[(3, 2)]","[(4, 5), (9, 10), (12, 13)]"
716,"[(2, 2)]","[(2, 5), (2, 6), (2, 7), (9, 10), (10, 11), (12, 13)]"
717,"[(19, 19)]","[(19, 20), (20, 21), (21, 22), (22, 23), (23, 24)]"
722,"[(4, 3)]","[(4, 5), (6, 7), (14, 15), (16, 17), (18, 19), (20, 21)]"
726,"[(15, 14), (17, 18), (17, 19)]","[(15, 16), (17, 18), (19, 18)]"
744,"[(12, 11)]","[(12, 13), (13, 14)]"
752,"[(11, 11)]","[(11, 12), (11, 13), (11, 14), (11, 15)]"
758,"[(7, 6)]","[(7, 13), (13, 14)]"
764,"[(12, 11)]","[(12, 13), (13, 14), (14, 15)]"
770,"[(10, 10)]","[(10, 9)]"
779,"[(6, 5)]","[(6, 7), (7, 8), (8, 9), (9, 10), (10, 11), (11, 12), (12, 13)]"
781,"[(3, 2)]","[(3, 8), (9, 15), (14, 16)]"
785,"[(4, 3)]","[(4, 16), (14, 15)]"
791,"[(11, 12)]","[(11, 12), (14, 15), (17, 18)]"
795,"[(14, 14)]","[(14, 15), (15, 16)]"
803,"[(5, 6)]","[(5, 6), (5, 7), (5, 8)]"
808,"[(3, 2), (6, 7)]","[(3, 6), (12, 15)]"
816,"[(1, 1)]","[(1, 11), (11, 12), (12, 13), (13, 14), (14, 15), (15, 16), (16, 17), (17, 18), (18, 19)]"
819,"[(9, 7), (9, 8), (13, 12)]","[(9, 10), (13, 14)]"
829,"[(5, 3)]","[(5, 6), (6, 7), (7, 8), (8, 9), (9, 10), (10, 11), (11, 12), (12, 13)]"
833,"[(8, 7)]","[(8, 7), (9, 8), (10, 11)]"
839,"[(7, 6)]","[(7, 8), (8, 9), (8, 10), (8, 11), (8, 12)]"
843,"[(11, 10)]","[(11, 10), (13, 12), (15, 14), (17, 16), (19, 18)]"
847,"[(7, 7)]","[(7, 8), (7, 9), (7, 10), (7, 11), (7, 12), (7, 13), (7, 14), (7, 15), (7, 16)]"
848,"[(16, 15)]","[(16, 14), (16, 17), (18, 20), (21, 23)]"
855,"[(13, 12)]","[(13, 12), (15, 12), (17, 16)]"
860,"[(6, 6)]","[(6, 7), (13, 14), (14, 15)]"
864,"[(14, 13)]","[(15, 14), (18, 17)]"
869,"[(18, 19)]","[(18, 19), (19, 20), (20, 21)]"
875,"[(18, 19)]","[(18, 21), (15, 17)]"
880,"[(14, 14)]","[(14, 15), (15, 16)]"
888,"[(10, 9)]","[(10, 11), (11, 12), (12, 13), (13, 14), (14, 15)]"
892,"[(22, 21)]","[(22, 21), (21, 20)]"
898,"[(4, 2)]","[(4, 3), (5, 4), (6, 5), (7, 6), (8, 7)]"
903,"[(8, 8), (10, 9)]","[(10, 11), (11, 12), (12, 13), (13, 14)]"
912,"[(10, 10)]","[(10, 11), (5, 6)]"
918,"[(8, 7)]","[(8, 6), (13, 12)]"
925,"[(3, 2)]","[(13, 16), (16, 18)]"
932,"[(16, 12), (16, 15)]","[(16, 17), (17, 18), (20, 21)]"
937,"[(10, 10)]","[(10, 11), (11, 12), (12, 13), (13, 14), (14, 15), (15, 16), (16, 17)]"
938,"[(8, 7)]","[(9, 8), (10, 8), (11, 8), (12, 11), (13, 12), (14, 13)]"
943,"[(9, 8)]","[(9, 10), (10, 11), (11, 12), (12, 13), (13, 14), (14, 15), (15, 16), (16, 17), (17, 18)]"
944,"[(11, 11)]","[(11, 12), (11, 13), (16, 17)]"
949,"[(16, 17)]","[(16, 15), (18, 17), (21, 20)]"
953,"[(16, 15)]","[(16, 17), (17, 18), (28, 29), (29, 30)]"
956,"[(7, 6)]","[(7, 8), (9, 10), (11, 8)]"
963,"[(9, 8)]","[(9, 10), (10, 11), (11, 12), (12, 13), (13, 14), (14, 15), (15, 16), (16, 17)]"
965,"[(4, 4)]","[(4, 5), (17, 18), (20, 21), (21, 22)]"
969,"[(3, 4)]","[(3, 4), (6, 7), (7, 8), (8, 9)]"
974,"[(3, 2)]","[(3, 7), (4, 8), (5, 10), (6, 9), (11, 12)]"
979,"[(11, 10)]","[(11, 12), (14, 15)]"
983,"[(5, 3)]","[(1, 5), (3, 6), (4, 7)]"
991,"[(4, 3), (16, 14)]","[(14, 15), (16, 17), (28, 27)]"
995,"[(12, 11)]","[(12, 11), (13, 17, 18)]"
1001,"[(13, 12)]","[(13, 11), (15, 14), (20, 21)]"
1005,"[(7, 6)]","[(7, 8), (15, 16), (17, 18)]"
1008,"[(12, 11), (14, 13), (25, 24)]","[(12, 11), (14, 13), (25, 24), (29, 28)]"
1015,"[(2, 1)]","[(1, 2), (2, 3), (3, 4), (4, 5), (5, 6)]"
1019,"[(3, 2)]","[(3, 11), (7, 8)]"
1023,"[(12, 11)]","[(12, 23), (13, 26)]"
1029,"[(12, 11)]","[(12, 13), (12, 14), (12, 16), (12, 17)]"
1033,"[(17, 16)]","[(17, 18), (18, 19)]"
1040,"[(9, 10)]","[(9, 10), (16, 17)]"
1046,"[(14, 14)]","[(14, 15), (15, 16), (16, 17), (17, 18), (18, 19), (19, 20)]"
1050,"[(13, 13)]","[(13, 17), (15, 16), (19, 18)]"
1054,"[(9, 7), (9, 8)]","[(9, 10), (10, 11), (11, 12), (12, 13), (13, 14), (14, 15), (15, 16)]"
1058,"[(2, 3)]","[(2, 6), (2, 8), (5, 6), (10, 13)]"
1062,"[(3, 3)]","[(3, 5), (3, 6), (3, 7), (8, 9), (10, 5), (10, 6), (10, 7)]"
1064,"[(5, 6)]","[(5, 6), (10, 11), (13, 14), (18, 19)]"
1069,"[(4, 3)]","[(4, 5), (10, 11), (12, 13)]"
1074,"[(2, 1)]","[(1, 2), (13, 15)]"
1081,"[(14, 13)]","[(14, 15), (15, 17), (17, 18), (18, 19), (19, 20)]"
1084,"[(11, 10)]","[(11, 12), (12, 13), (15, 16), (16, 17)]"
1090,"[(6, 5), (6, 6)]","[(6, 7), (11, 12)]"
1099,"[(12, 11)]","[(12, 13), (13, 14), (14, 15)]"
1105,"[(8, 8)]","[(1, 8), (8, 9), (9, 10), (10, 11), (11, 12), (12, 13), (13, 14), (14, 15), (15, 16)]"
1107,"[(4, 4)]","[(4, 10)]"
1115,"[(6, 7)]","[(6, 7), (7, 8), (8, 10)]"
1120,"[(11, 11)]","[(11, 12), (12, 13), (13, 14)]"
1125,"[(24, 23)]","[(24, 25), (25, 26), (26, 27), (27, 28), (28, 29)]"
1129,"[(14, 13)]","[(1, 8), (7, 14), (16, 17), (17, 18)]"
1136,"[(6, 5)]","[(6, 7), (7, 8), (8, 9), (9, 10)]"
1140,"[(13, 13)]","[(13, 14), (14, 15), (15, 16)]"
1146,"[(17, 16)]","[(18, 17), (20, 19)]"
1152,"[(12, 12)]","[(12, 13), (13, 14), (14, 16), (16, 17), (17, 18), (18, 19), (19, 20), (20, 21), (21, 22), (22, 23), (23, 24)]"
1153,"[(3, 2)]","[(3, 15), (3, 16)]"
1158,"[(8, 8)]","[(8, 9), (12, 13), (15, 16)]"
1161,"[(11, 10)]","[(11, 10), (11, 12)]"
1169,"[(10, 9)]","[(10, 11), (11, 12), (12, 13), (13, 14)]"
1176,"[(8, 6)]","[(9, 8), (15, 14), (17, 16)]"
1181,"[(12, 11)]","[(12, 11), (13, 12)]"
1188,"[(15, 14)]","[(15, 13), (16, 17)]"
1195,"[(7, 7), (8, 8)]","[(7, 8), (8, 9), (10, 11)]"
1201,"[(5, 1)]","[(5, 1), (5, 2), (5, 3), (5, 4), (7, 8)]"
1209,"[(9, 9)]","[(9, 8), (10, 8), (12, 13)]"
1214,"[(5, 4)]","[(5, 6), (10, 11)]"
1222,"[(11, 11)]","[(11, 12), (11, 13), (15, 14)]"
1227,"[(11, 10)]","[(11, 12), (11, 13), (15, 16)]"
1233,"[(2, 1)]","[(2, 4), (2, 5), (2, 6), (2, 7), (2, 8), (2, 9), (2, 10), (2, 11), (2, 12), (3, 4), (3, 5), (3, 6), (3, 7), (3, 8), (3, 9), (3, 10), (3, 11), (3, 12)]"
1234,"[(4, 3)]","[(4, 8), (8, 10)]"
1235,"[(3, 2), (3, 2)]","[(1, 3), (3, 5, 6, 8, 9), (10, 11, 12)]"
1237,"[(6, 5)]","[(6, 11), (12, 13)]"
1244,"[(9, 9)]","[(9, 10), (13, 14)]"
1251,"[(8, 7)]","[(1, 8), (3, 8), (4, 8), (5, 8), (6, 8), (7, 8)]"
1253,"[(7, 6)]","[(7, 10), (9, 11), (10, 12)]"
1260,"[(6, 5)]","[(6, 5), (7, 6), (8, 7), (9, 8), (10, 9)]"
1264,"[(5, 6)]","[(5, 6), (5, 7), (10, 9)]"
1269,"[(15, 14)]","[(15, 16), (15, 17), (15, 18), (15, 19), (15, 20), (15, 21)]"
1270,"[(12, 11)]","[(12, 13), (17, 18)]"
1276,"[(11, 10)]","[(11, 12), (12, 14), (14, 15)]"
1280,"[(3, 2)]","[(3, 6), (7, 9)]"
1287,"[(3, 3)]","[(3, 12), (5, 6), (13, 10)]"
1291,"[(6, 5)]","[(6, 7), (7, 8), (8, 9), (9, 10), (10, 11), (11, 12)]"
1296,"[(9, 8)]","[(9, 10), (10, 11), (11, 12), (12, 13)]"
1301,"[(5, 6)]","[(5, 6), (7, 8), (9, 10), (11, 12)]"
1304,"[(8, 7)]","[(8, 10), (9, 10)]"
1311,"[(10, 9)]","[(10, 11), (10, 12), (10, 13), (10, 14), (10, 15)]"
1314,"[(16, 15)]","[(16, 18), (20, 19)]"
1320,"[(14, 13)]","[(14, 15), (15, 16), (16, 17), (17, 18), (18, 19), (19, 20)]"
1324,"[(15, 15)]","[(15, 16), (16, 17), (17, 18), (18, 19), (19, 20), (20, 21), (21, 22)]"
1325,"[(7, 7)]","[(7, 8), (7, 9), (7, 10), (7, 11), (7, 12), (7, 13), (7, 14), (7, 15), (7, 16), (7, 17), (7, 18), (7, 19)]"
1326,"[(13, 12)]","[(13, 14), (13, 15)]"
1327,"[(16, 15)]","[(16, 17), (18, 19)]"
1333,"[(15, 14)]","[(15, 16), (16, 17), (17, 18), (18, 19), (19, 20)]"
1336,"[(8, 7), (9, 7), (13, 13)]","[(8, 7), (9, 8), (13, 12), (15, 14)]"
1347,"[(15, 14)]","[(15, 16), (16, 17), (17, 18), (18, 19), (19, 20)]"
1352,"[(11, 10)]","[(11, 12), (12, 13), (13, 14)]"
1357,"[(1, 1)]","[(1, 10), (10, 12), (12, 14)]"
1362,"[(2, 2)]","[(2, 6), (3, 8), (4, 9)]"
1369,"[(5, 3)]","[(5, 6), (11, 12), (14, 15)]"
1375,"[(7, 7), (10, 9), (10, 10)]","[(7, 8), (10, 9)]"
1385,"[(3, 2)]","[(3, 11), (6, 12), (7, 13), (8, 14), (9, 15), (10, 16)]"
1390,"[(4, 4)]","[(4, 5), (5, 6), (6, 7), (7, 8), (8, 9), (9, 10), (10, 11)]"
1393,"[(12, 11)]","[(12, 13), (13, 14), (14, 15)]"
1401,"[(10, 9), (16, 15), (16, 15)]","[(10, 14), (16, 17)]"
1412,"[(9, 9)]","[(9, 10), (10, 8)]"
1420,"[(6, 5)]","[(6, 7), (9, 10), (13, 14), (15, 16), (17, 18)]"
1425,"[(14, 14)]","[(14, 15), (14, 16), (14, 17), (14, 18)]"
1429,"[(7, 6)]","[(1, 4), (7, 9), (10, 12), (13, 14)]"
1431,"[(11, 10)]","[(11, 12), (12, 13), (13, 14), (14, 15), (15, 16), (16, 17), (17, 18), (18, 19), (19, 10)]"
1432,"[(7, 7)]","[(7, 8), (13, 12), (15, 14)]"
1437,"[(4, 3)]","[(4, 6), (12, 14)]"
1443,"[(7, 6)]","[(7, 10), (10, 12), (12, 13)]"
1450,"[(7, 6)]","[(7, 8), (8, 9), (9, 10)]"
1456,"[(10, 9)]","[(10, 11), (10, 12), (10, 14), (10, 15)]"
1462,"[(6, 7)]","[(6, 5), (7, 8), (10, 9), (12, 11), (14, 13)]"
1466,"[(5, 4)]","[(5, 6), (5, 7), (9, 10)]"
1472,"[(12, 12), (13, 12)]","[(12, 13), (13, 14)]"
1479,"[(9, 8)]","[(9, 10), (10, 11), (11, 12), (12, 13), (13, 14)]"
1484,"[(2, 1)]","[(2, 3), (5, 6), (7, 8), (10, 11), (13, 14), (15, 16)]"
1486,"[(5, 5)]","[(5, 6), (5, 7), (5, 8), (5, 9), (5, 10), (5, 11)]"
1488,"[(6, 4)]","[(6, 7), (7, 8), (7, 9), (7, 10)]"
1494,"[(1, 1)]","[(1, 4), (1, 15), (6, 7), (10, 13), (14, 15)]"
1498,"[(5, 3)]","[(5, 10), (7, 8)]"
1506,"[(8, 7)]","[(8, 9), (9, 10), (10, 11)]"
1511,"[(10, 9)]","[(10, 11), (11, 12), (12, 13), (13, 14), (14, 15)]"
1516,"[(6, 5)]","[(5, 6), (1, 3), (4, 5)]"
1520,"[(5, 5)]","[(5, 6), (5, 7), (5, 8)]"
1524,"[(11, 9)]","[(11, 10), (11, 9)]"
1532,"[(10, 9)]","[(10, 8), (10, 9)]"
1539,"[(2, 1)]","[(1, 2), (3, 4), (4, 5)]"
1547,"[(7, 6)]","[(7, 6), (7, 5), (7, 4), (7, 3), (7, 2)]"
1552,"[(21, 20)]","[(21, 18), (21, 16)]"
1557,"[(4, 11)]","[(4, 8), (14, 16)]"
1564,"[(5, 4)]","[(5, 4)]"
1572,"[(13, 13)]","[(1, 7), (5, 10), (13, 7)]"
1579,"[(23, 24)]","[(23, 24), (24, 25), (25, 26), (26, 27)]"
1583,"[(12, 11)]","[(12, 10), (12, 11)]"
1592,"[(9, 9)]","[(9, 10)]"
1599,"[(15, 16)]","[(15, 16), (16, 17), (17, 18), (18, 19), (19, 20), (20, 21), (21, 22), (22, 23), (23, 24), (24, 25), (25, 26)]"
1600,"[(2, 2)]","[(2, 8), (10, 11)]"
1606,"[(13, 12)]","[(13, 14), (15, 17), (19, 21), (22, 23)]"
1612,"[(3, 3)]","[(4, 9), (4, 10), (4, 13), (4, 14), (4, 15), (4, 25), (5, 18), (5, 19), (5, 20), (5, 21), (5, 22), (5, 23), (5, 24), (5, 25), (5, 26), (6, 27)]"
1613,"[(4, 3)]","[(4, 5), (5, 6), (7, 8), (9, 10), (10, 11)]"
1614,"[(14, 14)]","[(14, 15), (15, 16)]"
1615,"[(2, 3)]","[(2, 8), (3, 9), (10, 11), (11, 12), (12, 13), (13, 14), (14, 15)]"
1616,"[(46, 45)]","[(46, 45), (45, 44), (44, 43), (43, 42), (42, 41)]"
1619,"[(44, 43)]","[(44, 45), (45, 46)]"
1624,"[(21, 20)]","[(1, 17), (21, 22), (25, 26)]"
1628,"[(3, 2)]","[(11, 12), (18, 17), (27, 28), (30, 31)]"
1633,"[(16, 15)]","[(16, 17), (22, 23)]"
1638,"[(23, 22)]","[(1, 23), (19, 23), (20, 23), (21, 23), (22, 23)]"
1644,"[(2, 1)]","[(1, 2), (2, 3), (5, 6), (6, 7), (14, 15), (19, 20), (25, 26)]"
1645,"[(17, 10)]","[(17, 18), (18, 19), (19, 20), (20, 21), (21, 22), (22, 23), (23, 24)]"
1647,"[(7, 7)]","[(7, 37), (11, 34), (19, 22)]"
1652,"[(10, 8)]","[(10, 8), (10, 9), (10, 13)]"
1657,"[(20, 18)]","[(1, 8), (8, 10), (10, 12), (12, 14), (14, 16), (16, 18), (20, 21), (21, 22), (22, 23), (23, 24), (25, 26), (26, 27), (27, 28)]"
1658,"[(29, 28)]","[(29, 30), (30, 32), (32, 34), (34, 35)]"
1659,"[(1, 1)]","[(1, 2), (2, 3), (3, 4), (4, 5), (5, 6), (6, 7), (7, 8), (8, 9), (9, 10), (10, 11), (11, 12), (12, 13), (13, 14), (14, 15), (15, 16), (16, 17), (17, 18), (18, 19), (19, 20)]"
1660,"[(20, 19)]","[(20, 21), (21, 22), (22, 23)]"
1661,"[(7, 5), (13, 11)]","[(5, 6), (13, 14), (17, 18)]"
1668,"[(21, 22)]","[(1, 22), (12, 21), (30, 32), (31, 32)]"
1672,"[(15, 17)]","[(1, 16), (5, 17), (14, 18), (15, 19), (21, 20)]"
1677,"[(43, 40)]","[(43, 37), (37, 34), (34, 30), (30, 28)]"
1682,"[(14, 13)]","[(14, 13), (18, 17)]"
1688,"[(14, 14)]","[(14, 15), (21, 22)]"
1695,"[(24, 23)]","[(24, 25), (24, 21)]"
1703,"[(11, 11), (11, 11)]","[(11, 12), (11, 13), (11, 14), (11, 15), (11, 16), (11, 17)]"
1707,"[(2, 1), (2, 1)]","[(4, 2), (7, 5), (13, 14), (18, 16), (20, 21)]"
1712,"[(13, 12), (13, 12)]","[(13, 14), (13, 15), (13, 16), (13, 17), (13, 18), (13, 19), (13, 20), (13, 21), (13, 22), (13, 23), (13, 24)]"
1713,"[(7, 6), (7, 6)]","[(7, 6), (13, 12), (20, 19), (23, 22)]"
1714,"[(12, 10)]","[(12, 28), (12, 29), (12, 30), (13, 28), (13, 29), (13, 30)]"
1715,"[(11, 10)]","[(11, 12), (14, 15), (16, 17), (18, 19), (20, 21), (22, 23), (23, 24), (24, 25), (25, 26)]"
1718,"[(7, 6)]","[(7, 8), (8, 9), (9, 10), (10, 11), (11, 12), (12, 13), (13, 14), (14, 15), (15, 16), (16, 17)]"
1719,"[(5, 4)]","[(5, 6), (13, 14)]"
1726,"[(7, 6)]","[(7, 8), (18, 19)]"
1731,"[(9, 8)]","[(10, 8), (9, 8)]"
1738,"[(6, 1)]","[(6, 11), (7, 12), (14, 13)]"
1756,"[(16, 13)]","[(16, 17), (17, 18), (18, 19), (19, 20), (20, 21)]"
1761,"[(24, 22)]","[(24, 25), (25, 27), (27, 28)]"
1766,"[(12, 11)]","[(12, 13), (13, 14), (14, 15), (15, 16), (16, 17), (17, 18), (19, 20), (20, 21), (21, 22), (22, 23)]"
1767,"[(8, 7), (11, 10)]","[(8, 11), (11, 12), (14, 16)]"
1773,"[(4, 3)]","[(4, 5), (10, 11), (14, 15), (15, 16), (16, 17)]"
1775,"[(13, 12)]","[(13, 12), (15, 14)]"
1781,"[(11, 7)]","[(11, 10), (12, 11)]"
1788,"[(7, 3)]","[(7, 8), (7, 9), (7, 10), (7, 11), (7, 12), (7, 13), (7, 14), (7, 15), (7, 16), (7, 17)]"
1790,"[(6, 5)]","[(6, 5), (7, 6), (8, 7), (9, 8), (10, 9), (11, 10), (12, 11), (13, 12), (14, 13), (15, 14)]"
1791,"[(12, 12)]","[(12, 13), (13, 14), (14, 15), (15, 16), (16, 17), (17, 18), (18, 19)]"
1792,"[(16, 15)]","[(16, 17), (17, 18), (18, 19)]"
1796,"[(10, 9)]","[(10, 11), (11, 12), (12, 13), (13, 14), (14, 15), (15, 16), (16, 17), (17, 18)]"
1798,"[(13, 11)]","[(13, 14), (14, 15), (15, 16), (16, 17)]"
1802,"[(7, 6)]","[(7, 8), (12, 13), (14, 15)]"
1808,"[(2, 1)]","[(1, 2), (4, 3), (10, 11), (14, 15)]"
1814,"[(13, 12)]","[(13, 14), (14, 15), (15, 16), (17, 18), (18, 19), (20, 21)]"
1816,"[(15, 14)]","[(15, 16), (15, 17)]"
1820,"[(8, 7)]","[(8, 9), (9, 10), (10, 11)]"
1827,"[(2, 2)]","[(2, 3), (4, 5), (6, 8), (7, 9)]"
1834,"[(11, 10)]","[(11, 12), (12, 13), (13, 14), (14, 15), (15, 16), (16, 17), (17, 18)]"
1837,"[(5, 4)]","[(5, 6), (7, 8), (11, 12), (13, 14), (15, 16)]"
1841,"[(12, 12)]","[(10, 12), (11, 12)]"
1847,"[(8, 7), (8, 7)]","[(1, 8), (8, 10), (10, 13)]"
1853,"[(16, 11)]","[(16, 17), (17, 18), (18, 20), (20, 21)]"
1855,"[(13, 11)]","[(13, 12), (15, 14)]"
1861,"[(8, 7)]","[(8, 9), (14, 15), (16, 17)]"
1864,"[(10, 9)]","[(10, 11), (14, 17)]"
1869,"[(2, 1)]","[(1, 8), (2, 7), (6, 7)]"
1874,"[(4, 5)]","[(4, 6), (4, 15)]"
1880,"[(13, 12)]","[(13, 15), (14, 16), (19, 22)]"
1886,"[(2, 2)]","[(2, 3), (5, 6), (6, 7), (7, 8), (8, 9), (11, 12), (12, 13), (13, 14)]"
1888,"[(2, 1)]","[(2, 1), (5, 4), (7, 6), (10, 9), (12, 11)]"
1893,"[(12, 11)]","[(12, 13), (13, 15), (15, 16)]"
1898,"[(9, 9)]","[(9, 18), (9, 19)]"
1904,"[(14, 13)]","[(14, 15), (14, 16), (14, 17), (14, 18), (14, 19), (14, 20), (14, 21), (14, 22)]"
1906,"[(10, 9)]","[(10, 11), (11, 12), (12, 13), (13, 14), (14, 15), (15, 16)]"
1912,"[(7, 7)]","[(8, 10), (14, 15)]"
1918,"[(8, 9)]","[(8, 10), (8, 11), (15, 14), (17, 18)]"
1923,"[(9, 8)]","[(9, 10), (10, 11), (11, 12), (12, 13), (13, 14), (14, 15)]"
1924,"[(5, 4)]","[(5, 6), (5, 7), (5, 10), (5, 11), (5, 12), (5, 14), (5, 15), (5, 16)]"
1928,"[(7, 6)]","[(7, 8), (10, 11)]"
1934,"[(11, 11)]","[(11, 17), (17, 18), (18, 19), (19, 20)]"
1938,"[(7, 6)]","[(7, 8), (10, 11), (13, 14)]"
1944,"[(10, 9)]","[(10, 11), (18, 19), (25, 26), (27, 28)]"
1947,"[(5, 4)]","[(5, 6), (6, 15), (15, 16), (16, 17)]"
1953,"[(11, 10)]","[(1, 10), (11, 21), (22, 22)]"
1958,"[(13, 10)]","[(1, 13), (13, 15), (15, 17)]"
1963,"[(6, 6)]","[(6, 5), (7, 6)]"
1970,"[(9, 5)]","[(9, 10), (6, 7)]"
1976,"[(5, 5)]","[(5, 6), (5, 7), (11, 12)]"
1981,"[(9, 8)]","[(9, 10), (9, 11), (9, 12), (14, 18)]"
1986,"[(7, 5)]","[(7, 8), (12, 13)]"
1992,"[(4, 2)]","[(4, 5), (8, 7)]"
1997,"[(11, 11)]","[(11, 12), (12, 13), (13, 14), (14, 15), (15, 16), (16, 17), (17, 18), (18, 19), (19, 20), (20, 21), (21, 22), (22, 23), (23, 24), (24, 25), (25, 26), (26, 27)]"
1998,"[(17, 16)]","[(17, 18), (17, 19), (17, 20), (17, 21), (17, 22), (17, 23), (17, 24), (17, 25), (17, 26), (17, 27), (17, 28)]"
1999,"[(7, 7)]","[(7, 8), (7, 9), (7, 10)]"
2001,"[(3, 7)]","[(9, 10), (10, 11), (11, 12), (12, 13), (13, 14), (14, 15), (15, 16)]"
2004,"[(8, 7)]","[(8, 9), (10, 13), (14, 16)]"
2010,"[(5, 3)]","[(5, 6), (7, 8), (9, 10), (11, 12), (13, 5)]"
2017,"[(7, 5)]","[(7, 6), (7, 10)]"
2019,"[(9, 8)]","[(9, 10), (13, 14), (14, 15)]"
2024,"[(4, 3)]","[(4, 8), (10, 11), (12, 13), (13, 14)]"
2030,"[(2, 1)]","[(2, 6), (2, 7), (2, 8), (2, 9), (2, 10), (2, 11)]"
2032,"[(6, 5)]","[(6, 5), (7, 8), (10, 11), (12, 13), (14, 15), (15, 16), (16, 17)]"
2033,"[(5, 4)]","[(5, 6), (6, 7)]"
2039,"[(4, 4)]","[(4, 5), (4, 6), (4, 7), (4, 8), (4, 9), (4, 10)]"
2041,"[(12, 10)]","[(13, 12), (18, 17)]"
2046,"[(8, 9)]","[(8, 19)]"
2053,"[(10, 4)]","[(10, 15), (11, 16), (12, 17)]"
2060,"[(4, 3)]","[(4, 6), (4, 8), (4, 9)]"
2067,"[(9, 8)]","[(9, 10), (10, 11), (11, 12), (12, 13)]"
2071,"[(3, 2)]","[(1, 5), (3, 4), (7, 8), (9, 10), (11, 13)]"
2078,"[(4, 3)]","[(4, 3), (4, 5), (4, 6)]"
2085,"[(6, 7)]","[(12, 11), (16, 15)]"
2091,"[(4, 3)]","[(5, 8), (7, 8), (10, 11)]"
2092,"[(7, 6)]","[(7, 8), (14, 15), (15, 16)]"
2095,"[(12, 10)]","[(12, 15), (13, 14)]"
2102,"[(10, 9)]","[(10, 11), (11, 12), (12, 13), (13, 14), (14, 15)]"
2104,"[(8, 5), (8, 6), (8, 7)]","[(8, 9), (10, 11)]"
